{"cameraMode":{"drawMode":0,"name":"Shaded","section":"Shading Mode"},"sceneLighting":false,"audioPlay":false,"sceneViewState":{"showFog":false,"showMaterialUpdate":false,"showSkybox":false,"showFlares":false,"showImageEffects":false,"showParticleSystems":false},"in2DMode":false,"pivot":{"x":-25.56999969482422,"y":18.669998168945314,"z":33.29999923706055},"rotation":{"x":-0.055993836373090747,"y":-0.4012422561645508,"z":-0.02458309754729271,"w":0.9139389991760254},"size":26.65226936340332,"orthographic":false}