{"cameraMode":{"drawMode":0,"name":"Shaded","section":"Shading Mode"},"sceneLighting":false,"audioPlay":false,"sceneViewState":{"showFog":false,"showMaterialUpdate":false,"showSkybox":false,"showFlares":false,"showImageEffects":false,"showParticleSystems":false},"in2DMode":false,"pivot":{"x":0.048999786376953128,"y":-4.480000019073486,"z":32.079280853271487},"rotation":{"x":0.20140743255615235,"y":0.013222357258200646,"z":-0.0027072192169725897,"w":0.9794302582740784},"size":14.904387474060059,"orthographic":false}